Programming & Web Dev,Machine Learning & AI,Math,Science,Engineering & How Things Work,Linux & DevOps,Tech News & Reviews,Fitness & Nutrition,Health & Medicine,Productivity & Self-Improvement,Islamic (English),History,Geography & Geopolitics,"Business, Economics & Finance",Podcasts & Interviews,Psychology & Philosophy,Talks & Ideas,Documentaries,Horror & Creepy Stories,Mystery & True Crime,Investigations & Deep Dives,Entertainment & Challenges,Animation & Funny Storytelling,Travel,Food & Cooking,Animals & Nature,Survival & Outdoors,Cars
https://www.youtube.com/@Fireship,https://www.youtube.com/@statquest,https://www.youtube.com/@3blue1brown,https://www.youtube.com/@veritasium,https://www.youtube.com/@RealEngineering,https://www.youtube.com/@TheLinuxEXP,https://www.youtube.com/@mkbhd,https://www.youtube.com/@JeffNippard,https://www.youtube.com/@DoctorMike,https://www.youtube.com/@aliabdaal,https://www.youtube.com/@YaqeenInstituteOfficial,https://www.youtube.com/@KingsandGenerals,https://www.youtube.com/@RealLifeLore,https://www.youtube.com/@EconomicsExplained,https://www.youtube.com/@lexfridman,https://www.youtube.com/@academyofideas,https://www.youtube.com/@TED,https://www.youtube.com/@DWDocumentary,https://www.youtube.com/@MrNightmare,https://www.youtube.com/@MrBallen,https://www.youtube.com/@Coffeezilla,https://www.youtube.com/@MrBeast,https://www.youtube.com/@JaidenAnimations,https://www.youtube.com/@karaandnate,https://www.youtube.com/@JoshuaWeissman,https://www.youtube.com/@BraveWilderness,https://www.youtube.com/@MySelfReliance,https://www.youtube.com/@DougDeMuro
https://www.youtube.com/@ThePrimeagen,https://www.youtube.com/@AndrejKarpathy,https://www.youtube.com/@numberphile,https://www.youtube.com/@kurzgesagt,https://www.youtube.com/@PracticalEngineeringChannel,https://www.youtube.com/@DistroTube,https://www.youtube.com/@LinusTechTips,https://www.youtube.com/@RenaissancePeriodization,https://www.youtube.com/@hubermanlab,https://www.youtube.com/@Thomasfrank,https://www.youtube.com/@MuftiMenkOfficial,https://www.youtube.com/@OverSimplified,https://www.youtube.com/@Wendoverproductions,https://www.youtube.com/@PBoyle,https://www.youtube.com/@DwarkeshPatel,https://www.youtube.com/@PursuitofWonder,https://www.youtube.com/@TEDx,https://www.youtube.com/@NatGeo,https://www.youtube.com/@LazyMasquerade,https://www.youtube.com/@JCSCriminalPsychology,https://www.youtube.com/@fern-tv,https://www.youtube.com/@Airrack,https://www.youtube.com/@theodd1sout,https://www.youtube.com/@drewbinsky,https://www.youtube.com/@babishculinaryuniverse,https://www.youtube.com/@Animalogic,https://www.youtube.com/@AndrewCamarata,https://www.youtube.com/@EngineeringExplained
https://www.youtube.com/@t3dotgg,https://www.youtube.com/@TwoMinutePapers,https://www.youtube.com/@Mathologer,https://www.youtube.com/@smartereveryday,https://www.youtube.com/@BranchEducation,https://www.youtube.com/@ChrisTitusTech,https://www.youtube.com/@Mrwhosetheboss,https://www.youtube.com/@JeremyEthier,https://www.youtube.com/@PeterAttiaMD,https://www.youtube.com/@mattdavella,https://www.youtube.com/@bayyinah,https://www.youtube.com/@HistoriaCivilis,https://www.youtube.com/@johnnyharris,https://www.youtube.com/@ycombinator,https://www.youtube.com/@TheDiaryOfACEO,https://www.youtube.com/@WirelessPhilosophy,https://www.youtube.com/@TEDEd,https://www.youtube.com/@bbcearth,https://www.youtube.com/@Nexpo,https://www.youtube.com/@BuzzFeedUnsolvedNetwork,https://www.youtube.com/@LEMMiNO,https://www.youtube.com/@ryan,https://www.youtube.com/@Domics,https://www.youtube.com/@BaldAndBankrupt,https://www.youtube.com/@JKenjiLopezAlt,https://www.youtube.com/@CasualGeographic,https://www.youtube.com/@OutdoorBoys,https://www.youtube.com/@chrisfix
https://www.youtube.com/@WebDevSimplified,https://www.youtube.com/@YannicKilcher,https://www.youtube.com/@standupmaths,https://www.youtube.com/@Vsauce,https://www.youtube.com/@TheEngineeringMindset,https://www.youtube.com/@NetworkChuck,https://www.youtube.com/@Dave2D,https://www.youtube.com/@athleanx,https://www.youtube.com/@InstituteofHumanAnatomy,https://www.youtube.com/@CalNewportMedia,https://www.youtube.com/@OneMessageFoundation,https://www.youtube.com/@EpicHistoryTV,https://www.youtube.com/@CaspianReport,https://www.youtube.com/@ThePlainBagel,https://www.youtube.com/@ChrisWillx,https://www.youtube.com/@theschooloflifetv,https://www.youtube.com/@bigthink,https://www.youtube.com/@RealStories,https://www.youtube.com/@Wendigoon,https://www.youtube.com/@CoffeehouseCrime,https://www.youtube.com/@MustardChannel,https://www.youtube.com/@YesTheory,https://www.youtube.com/@SamONellaAcademy,https://www.youtube.com/@IndigoTraveller,https://www.youtube.com/@EthanChlebowski,https://www.youtube.com/@ClintsReptiles,https://www.youtube.com/@JoeRobinet,https://www.youtube.com/@donut
https://www.youtube.com/@TraversyMedia,https://www.youtube.com/@sentdex,https://www.youtube.com/@zachstar,https://www.youtube.com/@minutephysics,https://www.youtube.com/@Lesics,https://www.youtube.com/@LearnLinuxTV,https://www.youtube.com/@TheVerge,https://www.youtube.com/@MikeThurston,https://www.youtube.com/@osmosis,https://www.youtube.com/@BetterIdeas,https://www.youtube.com/@FreeQuranEducation,https://www.youtube.com/@ExtraHistory,https://www.youtube.com/@GeographyNow,https://www.youtube.com/@BenFelixCSI,https://www.youtube.com/@timferriss,https://www.youtube.com/@Psych2go,https://www.youtube.com/@crashcourse,https://www.youtube.com/@FreeDocumentary,https://www.youtube.com/@NightMind,https://www.youtube.com/@ExploreWithUs,https://www.youtube.com/@InternetHistorian,https://www.youtube.com/@DudePerfect,https://www.youtube.com/@CasuallyExplained,https://www.youtube.com/@YesTheory,https://www.youtube.com/@aragusea,https://www.youtube.com/@NatGeoWILD,https://www.youtube.com/@TAOutdoors,https://www.youtube.com/@TopGear
https://www.youtube.com/@freecodecamp,https://www.youtube.com/@aiexplained-official,https://www.youtube.com/@blackpenredpen,https://www.youtube.com/@SciShow,https://www.youtube.com/@Animagraffs,https://www.youtube.com/@TechWorldwithNana,https://www.youtube.com/@JerryRigEverything,https://www.youtube.com/@WillTennyson,https://www.youtube.com/@NucleusMedicalMedia,https://www.youtube.com/@ImprovementPill,https://www.youtube.com/@TheDailyReminder,https://www.youtube.com/@TheGreatWar,https://www.youtube.com/@PolyMatter,https://www.youtube.com/@companyman,https://www.youtube.com/@MyFirstMillionPod,https://www.youtube.com/@Charismaoncommand,https://www.youtube.com/@Kurzgesagt,https://www.youtube.com/@novapbs,https://www.youtube.com/@ScaryInteresting,https://www.youtube.com/@StephanieHarlowe,https://www.youtube.com/@joescott,https://www.youtube.com/@MichelleKhare,https://www.youtube.com/@EmpLemon,https://www.youtube.com/@HaraldBaldr,https://www.youtube.com/@internetshaquille,https://www.youtube.com/@bbcearth,https://www.youtube.com/@SteveWallis,https://www.youtube.com/@carwow
https://www.youtube.com/@CodeAesthetic,https://www.youtube.com/@MachineLearningStreetTalk,https://www.youtube.com/@misterwootube,https://www.youtube.com/@MarkRober,https://www.youtube.com/@StuffMadeHere,https://www.youtube.com/@TechnoTim,https://www.youtube.com/@snazzylabs,https://www.youtube.com/@GregDoucette,https://www.youtube.com/@physionic,https://www.youtube.com/@JustinSung,https://www.youtube.com/@MercifulServant,https://www.youtube.com/@InvictaHistory,https://www.youtube.com/@Vox,https://www.youtube.com/@business,https://www.youtube.com/@AcquiredFM,https://www.youtube.com/@HealthyGamerGG,https://www.youtube.com/@SmarterEveryDay,https://www.youtube.com/@journeymanpictures,https://www.youtube.com/@ChillingScares,https://www.youtube.com/@ThatChapter,https://www.youtube.com/@Vsauce2,https://www.youtube.com/@TheHacksmith,https://www.youtube.com/@InternetHistorian,https://www.youtube.com/@LostLeBlanc,https://www.youtube.com/@SortedFood,https://www.youtube.com/@KQEDDeepLook,https://www.youtube.com/@SurvivalLilly,https://www.youtube.com/@ThrottleHouse
https://www.youtube.com/@NeetCode,https://www.youtube.com/@WelchLabsVideo,https://www.youtube.com/@MichaelPennMath,https://www.youtube.com/@SteveMould,https://www.youtube.com/@TomScottGo,https://www.youtube.com/@BrodieRobertson,https://www.youtube.com/@Techquickie,https://www.youtube.com/@MennoHenselmans,https://www.youtube.com/@ZeroToFinals,https://www.youtube.com/@NathanielDrew,https://www.youtube.com/@TowardsEternity,https://www.youtube.com/@HistoryMatters,https://www.youtube.com/@MapMen,https://www.youtube.com/@MagnatesMedia,https://www.youtube.com/@LennysPodcast,https://www.youtube.com/@Aperture,https://www.youtube.com/@ScienceInsider,https://www.youtube.com/@BusinessInsider,https://www.youtube.com/@Top5s,https://www.youtube.com/@KendallRae,https://www.youtube.com/@MagnatesMedia,https://www.youtube.com/@colinfurze,https://www.youtube.com/@OverSimplified,https://www.youtube.com/@PeterSantenello,https://www.youtube.com/@NickDiGiovanni,https://www.youtube.com/@RobertEFuller,https://www.youtube.com/@KentSurvival,https://www.youtube.com/@HooviesGarage
https://www.youtube.com/@ByteByteGo,https://www.youtube.com/@umarjamilai,https://www.youtube.com/@ProfessorLeonard,https://www.youtube.com/@pbsspacetime,https://www.youtube.com/@JeffGeerling,https://www.youtube.com/@MentalOutlaw,https://www.youtube.com/@ColdFusion,https://www.youtube.com/@StrongerByScience,https://www.youtube.com/@MedCram,https://www.youtube.com/@ProductivityGame,https://www.youtube.com/@MuslimLantern,https://www.youtube.com/@FallofCivilizations,https://www.youtube.com/@CGPGrey,https://www.youtube.com/@HowMoneyWorks,https://www.youtube.com/@hubermanlab,https://www.youtube.com/@bigthink,https://www.youtube.com/@TheRoyalInstitution,https://www.youtube.com/@NASA,https://www.youtube.com/@Local58TV,https://www.youtube.com/@BarelySociable,https://www.youtube.com/@ColdFusion,https://www.youtube.com/@MarkRober,https://www.youtube.com/@boyboy,https://www.youtube.com/@NasDaily,https://www.youtube.com/@GugaFoods,https://www.youtube.com/@TheDodo,https://www.youtube.com/@OutdoorChefLife,https://www.youtube.com/@Hagerty
https://www.youtube.com/@hnasr,https://www.youtube.com/@SerranoAcademy,https://www.youtube.com/@khanacademy,https://www.youtube.com/@SabineHossenfelder,https://www.youtube.com/@halfasinteresting,https://www.youtube.com/@WolfgangsChannel,https://www.youtube.com/@HardwareCanucks,https://www.youtube.com/@SeanNal,https://www.youtube.com/@NinjaNerdScience,https://www.youtube.com/@Struthless,https://www.youtube.com/@AlMaghribInstitute,https://www.youtube.com/@KnowingBetter,https://www.youtube.com/@halfasinteresting,https://www.youtube.com/@MoneyMacro,https://www.youtube.com/@PeterAttiaMD,https://www.youtube.com/@JordanBPeterson,https://www.youtube.com/@StanfordGSB,https://www.youtube.com/@frontline,https://www.youtube.com/@KanePixels,https://www.youtube.com/@LEMMiNO,https://www.youtube.com/@Wendigoon,https://www.youtube.com/@BetaSquad,https://www.youtube.com/@halfasinteresting,https://www.youtube.com/@MarkWiens,https://www.youtube.com/@FrenchGuyCooking,https://www.youtube.com/@AnimalWondersMontana,https://www.youtube.com/@CoalcrackerBushcraft,https://www.youtube.com/@SupercarBlondie
https://www.youtube.com/@Computerphile,https://www.youtube.com/@CodeEmporium,,,,,,https://www.youtube.com/@physionic,,,https://www.youtube.com/@MohammedHijab,https://www.youtube.com/@crashcourse,,https://www.youtube.com/@CNBCMakeIt,,,,,https://www.youtube.com/@MrBallen,,,,,,https://www.youtube.com/@BestEverFoodReviewShow,,,
https://www.youtube.com/@BenEater,https://www.youtube.com/@krishnaik06,,,,,,,,,https://www.youtube.com/@DigitalMimbar,,,,,,,,,,,,,,,,,
